ID,startDate,endDate,description,cost,car_licensePlate
"MA1","2025-01-10","2025-01-11","Oil change",120.00,"CAR-1001"
"MA2","2025-02-20","2025-02-22","Engine service",600.00,"CAR-1002"
"MA3","2025-03-15","2025-03-16","Brake replacement",250.00,"CAR-1003"
"MA4","2025-04-01","2025-04-02","Tire replacement",400.00,"CAR-1004"
"MA5","2025-05-10","2025-05-11","Annual service",350.00,"CAR-1005"
"MA6","2025-01-18","2025-01-19","Battery check",80.00,"CAR-1006"
"MA7","2025-02-05","2025-02-06","Wheel alignment",90.00,"CAR-1007"
"MA8","2025-03-02","2025-03-03","Coolant refill",60.00,"CAR-1008"
"MA9","2025-04-15","2025-04-16","Air filter replacement",70.00,"CAR-1001"
